mean_brightness,contrast,min_intensity,max_intensity,median_intensity,q1,q3,iqr,intensity_range,dark_pixel_ratio,bright_pixel_ratio,edge_count,edge_density,label
121.95809936523438,33.3530377060264,11,251,120.0,98.0,143.0,45.0,240,0.0063934326171875,0.0142974853515625,24413,0.3725128173828125,1
131.7147216796875,25.580154533880854,2,245,133.0,117.0,148.0,31.0,243,0.0035552978515625,0.005767822265625,24042,0.366851806640625,1
121.03602600097656,31.582692900123998,1,248,120.0,103.0,138.0,35.0,247,0.0164337158203125,0.010467529296875,23426,0.357452392578125,1
130.01071166992188,27.813358176829844,12,253,131.0,112.0,149.0,37.0,241,0.0033721923828125,0.00634765625,24751,0.3776702880859375,1
130.88267517089844,28.39399114343423,6,253,132.0,113.0,149.0,36.0,247,0.004119873046875,0.008453369140625,24151,0.3685150146484375,1
135.94630432128906,28.74425045602982,1,253,138.0,120.0,154.0,34.0,252,0.0081329345703125,0.0111846923828125,23668,0.36114501953125,1
129.4445343017578,24.518051156074076,7,251,131.0,115.0,145.0,30.0,244,0.00189208984375,0.0069580078125,23762,0.362579345703125,1
123.23480224609375,24.282147636339,4,253,125.0,110.0,138.0,28.0,249,0.004302978515625,0.0059814453125,23972,0.36578369140625,1
125.04586791992188,22.698236325026105,11,252,127.0,112.0,139.0,27.0,241,0.0025177001953125,0.004608154296875,22766,0.347381591796875,1
128.89002990722656,31.02027683883232,8,250,131.0,110.0,149.0,39.0,242,0.0105743408203125,0.0074462890625,23946,0.365386962890625,1
125.00965881347656,27.164134088079706,10,250,126.0,109.0,142.0,33.0,240,0.006378173828125,0.00457763671875,23762,0.362579345703125,1
125.20492553710938,25.31364708833779,5,251,126.0,111.0,141.0,30.0,246,0.0044403076171875,0.003448486328125,23306,0.355621337890625,1
126.27435302734375,24.915958328746353,15,250,128.0,111.0,143.0,32.0,235,0.0026397705078125,0.003265380859375,23689,0.3614654541015625,1
122.92568969726562,27.79369594226812,4,253,123.0,106.0,140.0,34.0,249,0.0079193115234375,0.0059661865234375,23733,0.3621368408203125,1
120.3203125,23.599039659519253,12,251,119.0,105.0,134.0,29.0,239,0.0016326904296875,0.00372314453125,20790,0.317230224609375,1
129.00111389160156,27.920366374753332,16,249,130.0,111.0,148.0,37.0,233,0.0038604736328125,0.0045013427734375,24149,0.3684844970703125,1
129.87564086914062,29.8424688025371,1,252,132.0,112.0,150.0,38.0,251,0.0100250244140625,0.005950927734375,23943,0.3653411865234375,1
123.26931762695312,25.83219119248065,12,254,123.0,108.0,137.0,29.0,242,0.0024871826171875,0.00848388671875,21748,0.33184814453125,1
126.45269775390625,25.187595524544644,18,251,127.0,111.0,142.0,31.0,233,0.0027008056640625,0.0034332275390625,23387,0.3568572998046875,1
124.801513671875,24.832488139355252,14,249,125.0,109.0,141.0,32.0,235,0.0034332275390625,0.0028076171875,22566,0.344329833984375,1
127.96409606933594,24.88573389629442,9,250,129.0,112.0,145.0,33.0,241,0.002410888671875,0.00238037109375,22327,0.3406829833984375,1
129.4275665283203,21.41696033894069,2,247,132.0,117.0,143.0,26.0,245,0.0014495849609375,0.0020294189453125,23135,0.3530120849609375,1
130.82691955566406,19.353418450832677,18,245,133.0,120.0,143.0,23.0,227,0.000762939453125,0.0012664794921875,21136,0.322509765625,1
125.53535461425781,21.60497475428476,8,254,127.0,114.0,138.0,24.0,246,0.002593994140625,0.00592041015625,19627,0.2994842529296875,1
126.28109741210938,18.726573754084622,8,252,126.0,115.0,137.0,22.0,244,0.0003814697265625,0.002166748046875,21897,0.3341217041015625,1
115.14241027832031,20.16877785821625,14,251,115.0,103.0,127.0,24.0,237,0.0009002685546875,0.00244140625,21878,0.333831787109375,1
112.87208557128906,18.965613596848964,13,251,113.0,102.0,124.0,22.0,238,0.0013275146484375,0.001312255859375,21511,0.3282318115234375,1
116.26911926269531,20.66913060470329,30,252,117.0,103.0,129.0,26.0,222,0.0008087158203125,0.0020751953125,22794,0.347808837890625,1
116.04646301269531,21.247379462774486,1,252,116.0,104.0,128.0,24.0,251,0.0046844482421875,0.0037841796875,21093,0.3218536376953125,1
111.65524291992188,20.282639017993976,8,252,111.0,100.0,123.0,23.0,244,0.0032196044921875,0.0030364990234375,21044,0.32110595703125,1
118.0697021484375,22.32650859065932,15,248,118.0,105.0,131.0,26.0,233,0.0018463134765625,0.0023651123046875,22874,0.349029541015625,1
119.17976379394531,27.158429254706146,4,249,120.0,102.0,136.0,34.0,245,0.0069732666015625,0.0039215087890625,24260,0.37017822265625,1
119.99537658691406,27.967125148961667,1,251,121.0,101.0,139.0,38.0,250,0.0062713623046875,0.0022735595703125,24798,0.378387451171875,1
119.72319030761719,24.69318300002094,5,252,120.0,105.0,135.0,30.0,247,0.0054473876953125,0.0023651123046875,23420,0.35736083984375,1
123.96220397949219,25.719889509060778,11,249,125.0,107.0,141.0,34.0,238,0.003265380859375,0.002288818359375,23630,0.360565185546875,1
110.24415588378906,39.845945914844926,7,253,110.0,78.0,140.0,62.0,246,0.0541839599609375,0.0069580078125,24599,0.3753509521484375,1
117.15974426269531,26.265192961163212,9,252,117.0,101.0,133.0,32.0,243,0.00732421875,0.0042266845703125,23913,0.3648834228515625,1
125.09172058105469,31.280879681500128,7,253,126.0,105.0,146.0,41.0,246,0.011322021484375,0.0110015869140625,24305,0.3708648681640625,1
132.4931640625,33.677724109850075,1,254,137.0,116.0,154.0,38.0,253,0.021087646484375,0.0129852294921875,23346,0.356231689453125,1
126.77961730957031,31.31759437959183,3,250,129.0,108.0,148.0,40.0,247,0.0142059326171875,0.0093994140625,23249,0.3547515869140625,1
122.66331481933594,36.69169008757536,1,253,125.0,98.0,146.0,48.0,252,0.0265960693359375,0.019500732421875,24311,0.3709564208984375,1
113.09796142578125,28.888010791244774,2,253,113.0,96.0,130.0,34.0,251,0.016265869140625,0.00811767578125,23532,0.35906982421875,1
117.34257507324219,31.035234632293307,4,251,116.0,96.0,137.0,41.0,247,0.013092041015625,0.007049560546875,24557,0.3747100830078125,1
114.56021118164062,30.977634953130085,7,251,112.0,94.0,133.0,39.0,244,0.0121307373046875,0.00921630859375,24495,0.3737640380859375,1
126.22618103027344,34.314711495614915,3,253,127.0,105.0,148.0,43.0,250,0.0194854736328125,0.0152435302734375,24961,0.3808746337890625,1
118.62577819824219,34.64631943090808,0,254,117.0,96.0,140.0,44.0,254,0.02069091796875,0.015380859375,24182,0.368988037109375,1
122.7431640625,30.019461089271257,4,251,122.0,103.0,141.0,38.0,247,0.0098419189453125,0.0097503662109375,23581,0.3598175048828125,1
126.40341186523438,36.18963492298832,2,254,126.0,102.0,150.0,48.0,252,0.0172271728515625,0.0245208740234375,24827,0.3788299560546875,1
124.64918518066406,33.97307988852274,1,254,125.0,102.0,147.0,45.0,253,0.0159454345703125,0.0145721435546875,25048,0.3822021484375,1
136.6367950439453,32.454702797116404,0,255,137.0,118.0,156.0,38.0,255,0.012176513671875,0.0273284912109375,24619,0.3756561279296875,1
131.9759521484375,32.0403988698322,2,254,132.0,113.0,151.0,38.0,252,0.0125579833984375,0.021087646484375,24688,0.376708984375,1
130.484130859375,29.237097216364106,0,253,130.0,114.0,147.0,33.0,253,0.0109405517578125,0.01513671875,24146,0.368438720703125,1
136.58755493164062,30.913001172758886,13,253,136.0,119.0,154.0,35.0,240,0.005950927734375,0.0293731689453125,23589,0.3599395751953125,1
130.02098083496094,30.743212973126436,1,255,129.0,113.0,147.0,34.0,254,0.011199951171875,0.0197601318359375,24204,0.36932373046875,1
128.002197265625,29.677099762257377,2,254,126.0,111.0,144.0,33.0,252,0.008575439453125,0.0150909423828125,24201,0.3692779541015625,1
130.2532196044922,30.79613595991213,5,254,129.0,113.0,148.0,35.0,249,0.010223388671875,0.0163421630859375,24259,0.3701629638671875,1
130.85694885253906,37.238698567656265,0,254,129.0,107.0,154.0,47.0,254,0.0162506103515625,0.039520263671875,24958,0.380828857421875,1
129.6715545654297,38.70698477470752,1,253,128.0,104.0,154.0,50.0,252,0.0186767578125,0.0433197021484375,25167,0.3840179443359375,1
134.26736450195312,32.964893333554514,3,253,134.0,115.0,154.0,39.0,250,0.010498046875,0.0265350341796875,25019,0.3817596435546875,1
133.66221618652344,29.76296624232273,10,251,134.0,116.0,152.0,36.0,241,0.0052642822265625,0.0151824951171875,24937,0.3805084228515625,1
132.89248657226562,34.98617639530286,2,251,132.0,111.0,155.0,44.0,249,0.013519287109375,0.0306854248046875,25299,0.3860321044921875,1
131.76593017578125,36.41514262556769,7,252,132.0,109.0,155.0,46.0,245,0.0183868408203125,0.0298614501953125,25235,0.3850555419921875,1
125.62600708007812,30.387780392238952,4,253,123.0,107.0,143.0,36.0,249,0.0083770751953125,0.016357421875,24379,0.3719940185546875,1
126.00639343261719,28.722296945307995,5,252,123.0,107.0,142.0,35.0,247,0.0047454833984375,0.013153076171875,24317,0.3710479736328125,1
132.31748962402344,35.34694570021227,0,253,132.0,111.0,154.0,43.0,253,0.01544189453125,0.02825927734375,25112,0.3831787109375,1
138.28810119628906,33.93402236038617,0,253,139.0,119.0,159.0,40.0,253,0.0139923095703125,0.03125,25179,0.3842010498046875,1
136.6604766845703,35.543707419545974,1,254,137.0,116.0,159.0,43.0,253,0.016876220703125,0.034210205078125,25434,0.388092041015625,1
140.619384765625,38.31024570195986,0,255,141.0,119.0,163.0,44.0,255,0.0191650390625,0.058746337890625,24312,0.3709716796875,1
128.79017639160156,32.74319776769421,1,254,126.0,109.0,148.0,39.0,253,0.009979248046875,0.0242919921875,24516,0.37408447265625,1
138.60226440429688,36.17477264310968,0,255,138.0,118.0,160.0,42.0,255,0.016082763671875,0.0485076904296875,25033,0.3819732666015625,1
139.44635009765625,35.007095351649255,0,253,140.0,121.0,160.0,39.0,253,0.018035888671875,0.0399017333984375,24659,0.3762664794921875,1
140.7653350830078,34.605415636653206,1,253,140.0,121.0,161.0,40.0,252,0.01409912109375,0.0459442138671875,24661,0.3762969970703125,1
135.61734008789062,38.06737441342006,0,253,136.0,113.0,159.0,46.0,253,0.021881103515625,0.0441131591796875,25085,0.3827667236328125,1
141.7918701171875,40.427539403305104,0,253,143.0,120.0,167.0,47.0,253,0.0257110595703125,0.0684356689453125,24724,0.37725830078125,1
138.41757202148438,34.48940185613521,1,249,141.0,120.0,160.0,40.0,248,0.016845703125,0.029022216796875,25055,0.3823089599609375,1
140.4131622314453,35.7968685648019,1,252,143.0,122.0,163.0,41.0,251,0.0204010009765625,0.035614013671875,25199,0.3845062255859375,1
139.6415252685547,35.89432260002641,1,253,142.0,121.0,162.0,41.0,252,0.0203857421875,0.0351715087890625,25017,0.3817291259765625,1
143.5616912841797,35.11920760799681,0,254,143.0,126.0,163.0,37.0,254,0.0210723876953125,0.049713134765625,24158,0.368621826171875,1
140.6767578125,38.02160360453114,0,253,142.0,123.0,163.0,40.0,253,0.0294036865234375,0.0484161376953125,24000,0.3662109375,1
131.85302734375,31.953417336915074,1,252,130.0,114.0,149.0,35.0,251,0.013336181640625,0.02423095703125,24320,0.37109375,1
123.6593017578125,32.837096177968135,0,254,120.0,102.0,142.0,40.0,254,0.009185791015625,0.02197265625,24051,0.3669891357421875,1
123.04617309570312,32.21402319500802,1,254,119.0,102.0,142.0,40.0,253,0.0108642578125,0.01666259765625,24473,0.3734283447265625,1
145.85995483398438,35.94730476504472,1,254,145.0,128.0,166.0,38.0,253,0.01953125,0.0624847412109375,24213,0.3694610595703125,1
136.3741912841797,31.970654552093382,2,253,134.0,118.0,154.0,36.0,251,0.014373779296875,0.03009033203125,24296,0.3707275390625,1
136.63853454589844,32.513963779433226,0,253,135.0,119.0,156.0,37.0,253,0.014373779296875,0.028961181640625,24253,0.3700714111328125,1
130.47958374023438,33.15855894296952,4,252,128.0,110.0,150.0,40.0,248,0.0114593505859375,0.0250244140625,24483,0.3735809326171875,1
134.30172729492188,34.19711065846859,0,253,132.0,115.0,154.0,39.0,253,0.013336181640625,0.0361328125,24177,0.3689117431640625,1
123.37251281738281,34.868497474925604,1,255,121.0,101.0,144.0,43.0,254,0.0141448974609375,0.0234375,24555,0.3746795654296875,1
120.55671691894531,30.995337642206554,4,253,116.0,100.0,137.0,37.0,249,0.00689697265625,0.0150146484375,24147,0.3684539794921875,1
130.02903747558594,35.47154185685958,1,252,128.0,107.0,153.0,46.0,251,0.0127716064453125,0.029449462890625,24899,0.3799285888671875,1
121.74252319335938,29.24175683260041,3,252,117.0,103.0,137.0,34.0,249,0.0068206787109375,0.0123291015625,23645,0.3607940673828125,1
135.04696655273438,40.71002959914469,0,255,136.0,110.0,161.0,51.0,255,0.0267486572265625,0.0518951416015625,24875,0.3795623779296875,1
130.26004028320312,49.08169104809812,0,254,131.0,99.0,163.0,64.0,254,0.062164306640625,0.082977294921875,24684,0.37664794921875,1
141.4475555419922,40.080802128773016,0,254,143.0,119.0,167.0,48.0,254,0.026519775390625,0.0622406005859375,24435,0.3728485107421875,1
143.57725524902344,38.2061206441242,1,254,146.0,124.0,167.0,43.0,253,0.0240325927734375,0.054229736328125,24678,0.376556396484375,1
144.20626831054688,40.85376762748604,0,254,148.0,124.0,170.0,46.0,254,0.0297088623046875,0.0660858154296875,24231,0.3697357177734375,1
131.72955322265625,31.91807669668136,1,254,131.0,110.0,153.0,43.0,253,0.006988525390625,0.0177001953125,25311,0.3862152099609375,1
132.131103515625,27.01337004583888,32,252,131.0,114.0,150.0,36.0,220,0.00115966796875,0.007354736328125,24863,0.3793792724609375,1
129.49102783203125,29.681277288926687,13,254,129.0,109.0,151.0,42.0,241,0.0025482177734375,0.00396728515625,25250,0.385284423828125,1
134.16836547851562,29.845045132879477,23,252,135.0,114.0,156.0,42.0,229,0.0020751953125,0.0063323974609375,24528,0.374267578125,1
134.16836547851562,29.845045132879477,23,252,135.0,114.0,156.0,42.0,229,0.0020751953125,0.0063323974609375,24528,0.374267578125,1
172.2029571533203,24.412459155759205,56,251,172.0,155.0,190.0,35.0,195,0.0,0.1297760009765625,24663,0.3763275146484375,1
127.46717834472656,19.726576964962018,52,235,127.0,113.0,141.0,28.0,183,0.0,0.001556396484375,23890,0.364532470703125,1
128.15306091308594,18.853198119016653,62,233,127.0,115.0,140.0,25.0,171,0.0,0.0012664794921875,23795,0.3630828857421875,1
129.1121063232422,22.51786649406977,40,241,128.0,113.0,145.0,32.0,201,3.0517578125e-05,0.0018768310546875,24364,0.37176513671875,1
148.93418884277344,33.863828309039775,54,253,148.0,124.0,172.0,48.0,199,0.0,0.0760955810546875,24812,0.37860107421875,1
151.1298065185547,35.7064158289073,51,254,151.0,125.0,177.0,52.0,203,0.0,0.092529296875,24903,0.3799896240234375,1
154.6613311767578,32.85386117233549,59,252,154.0,131.0,178.0,47.0,193,0.0,0.090606689453125,24674,0.376495361328125,1
152.93423461914062,37.23858970667948,51,251,154.0,126.0,181.0,55.0,200,0.0,0.1082763671875,25065,0.3824615478515625,1
149.09368896484375,34.71816650773938,52,251,149.0,124.0,173.0,49.0,199,0.0,0.0775604248046875,24792,0.3782958984375,1
136.8699188232422,45.89611431254276,24,254,137.0,103.0,172.0,69.0,230,0.0217742919921875,0.0902252197265625,25134,0.383514404296875,1
137.5562744140625,44.19114788013273,23,254,137.0,105.0,171.0,66.0,231,0.0163726806640625,0.0838165283203125,24776,0.3780517578125,1
130.26304626464844,47.956954783503406,23,254,130.0,94.0,167.0,73.0,231,0.044036865234375,0.078369140625,25331,0.3865203857421875,1
133.29783630371094,16.481045804399052,60,248,133.0,123.0,144.0,21.0,188,0.0,0.000732421875,20318,0.310028076171875,1
183.00242614746094,16.722412444863128,107,251,184.0,172.0,194.0,22.0,144,0.0,0.1394805908203125,19967,0.3046722412109375,1
172.00865173339844,28.757118496720484,54,254,172.0,153.0,192.0,39.0,200,0.0,0.1629180908203125,24661,0.3762969970703125,1
168.27894592285156,29.449881595078047,51,254,170.0,149.0,189.0,40.0,203,0.0,0.1333770751953125,25047,0.3821868896484375,1
123.5911865234375,57.20559223679513,18,254,126.0,71.0,171.0,100.0,236,0.14227294921875,0.0981903076171875,24717,0.3771514892578125,1
128.37905883789062,56.2822389466049,15,252,132.0,80.0,175.0,95.0,237,0.1168670654296875,0.1078033447265625,24927,0.3803558349609375,1
130.91432189941406,54.791931248513144,13,253,138.0,88.0,175.0,87.0,240,0.1088714599609375,0.0957794189453125,24599,0.3753509521484375,1
148.83514404296875,45.18643510484241,34,253,152.0,114.0,184.0,70.0,219,0.003387451171875,0.1358642578125,24810,0.378570556640625,1
146.32205200195312,42.934968036111826,37,253,149.0,115.0,178.0,63.0,216,0.0025482177734375,0.1057586669921875,25087,0.3827972412109375,1
150.50685119628906,42.472172308352754,35,254,153.0,121.0,182.0,61.0,219,0.0016326904296875,0.1256103515625,25168,0.384033203125,1
147.55599975585938,42.664178106691935,38,255,150.0,117.0,179.0,62.0,217,0.001861572265625,0.1119842529296875,25122,0.383331298828125,1
143.96714782714844,44.59826376734735,24,254,145.0,112.0,177.0,65.0,230,0.0077972412109375,0.112701416015625,25165,0.3839874267578125,1
140.81622314453125,43.6648349003857,33,254,140.0,110.0,173.0,63.0,221,0.0080413818359375,0.0954742431640625,25143,0.3836517333984375,1
139.71047973632812,48.27427744747214,12,254,142.0,104.0,177.0,73.0,242,0.0294647216796875,0.1102294921875,24935,0.3804779052734375,1
145.74899291992188,44.89395071854981,28,254,147.0,113.0,180.0,67.0,226,0.008697509765625,0.1194305419921875,25103,0.3830413818359375,1
145.3023223876953,47.11584660385837,30,253,148.0,111.0,181.0,70.0,223,0.0142669677734375,0.12969970703125,24782,0.378143310546875,1
128.13800048828125,51.239765306241125,9,253,131.0,90.0,167.0,77.0,244,0.0831298828125,0.0783538818359375,25044,0.38214111328125,1
143.27023315429688,48.04422537327561,19,254,146.0,109.0,180.0,71.0,235,0.026641845703125,0.1220550537109375,25291,0.3859100341796875,1
134.0525665283203,49.36994539809302,15,254,136.0,96.0,171.0,75.0,239,0.0424957275390625,0.0932159423828125,25197,0.3844757080078125,1
153.71038818359375,42.90404986274261,42,254,157.0,124.0,186.0,62.0,212,0.0005035400390625,0.14434814453125,25161,0.3839263916015625,1
149.8749237060547,44.74623334998727,39,254,154.0,117.0,184.0,67.0,215,0.0009765625,0.135711669921875,24983,0.3812103271484375,1
154.44422912597656,43.857963911886394,38,254,158.0,121.0,188.0,67.0,216,0.0004119873046875,0.16082763671875,25216,0.384765625,1
145.96792602539062,44.97977562368044,33,253,149.0,110.0,181.0,71.0,220,0.00213623046875,0.1213836669921875,24692,0.37677001953125,1
124.74223327636719,44.71577697241603,34,254,114.0,90.0,155.0,65.0,220,0.0017242431640625,0.079376220703125,24087,0.3675384521484375,1
154.37425231933594,39.998352725130225,47,253,158.0,125.0,186.0,61.0,206,7.62939453125e-05,0.1263885498046875,24713,0.3770904541015625,1
151.86068725585938,41.37297197418742,34,253,155.0,121.0,184.0,63.0,219,0.0008697509765625,0.1247100830078125,24662,0.376312255859375,1
154.67691040039062,41.8497145012159,35,254,159.0,124.0,188.0,64.0,219,0.00048828125,0.1464691162109375,24166,0.368743896484375,1
131.3832244873047,22.689349581398325,36,231,131.0,116.0,147.0,31.0,195,0.00054931640625,0.0009765625,25006,0.381561279296875,1
170.6338653564453,27.627195962951582,48,247,171.0,152.0,191.0,39.0,199,1.52587890625e-05,0.1469573974609375,25526,0.389495849609375,1
172.5478973388672,25.2457754246566,53,248,173.0,156.0,191.0,35.0,195,0.0,0.1389312744140625,24616,0.3756103515625,1
173.26943969726562,27.968263960573015,39,249,175.0,155.0,194.0,39.0,210,4.57763671875e-05,0.1751556396484375,25505,0.3891754150390625,1
170.845703125,27.12753966084166,46,247,172.0,153.0,191.0,38.0,201,3.0517578125e-05,0.141571044921875,25334,0.386566162109375,1
172.83255004882812,25.716426674301232,55,248,174.0,156.0,191.0,35.0,193,0.0,0.1435699462890625,24652,0.37615966796875,1
164.35986328125,39.115380414755954,33,250,171.0,141.0,194.0,53.0,217,0.000244140625,0.185699462890625,24852,0.37921142578125,1
168.88247680664062,20.356672536684858,70,243,169.0,155.0,184.0,29.0,173,0.0,0.0526275634765625,25025,0.3818511962890625,1
170.27865600585938,27.38785315589014,53,251,172.0,152.0,191.0,39.0,198,0.0,0.1412811279296875,25637,0.3911895751953125,1
171.26470947265625,27.343119920214992,48,251,173.0,152.0,192.0,40.0,203,1.52587890625e-05,0.150390625,25435,0.3881072998046875,1
170.62660217285156,27.920521218146238,52,249,172.0,151.0,191.0,40.0,197,0.0,0.1504058837890625,25766,0.393157958984375,1
169.84230041503906,29.472339962369883,46,251,171.0,149.0,192.0,43.0,205,1.52587890625e-05,0.1607513427734375,25811,0.3938446044921875,1
134.86849975585938,19.17141207469455,39,252,135.0,123.0,147.0,24.0,213,3.0517578125e-05,0.002960205078125,24203,0.3693084716796875,1
177.44581604003906,24.377419248670193,66,253,179.0,162.0,194.0,32.0,187,0.0,0.1640167236328125,25006,0.381561279296875,1
176.7244110107422,25.12294524404667,66,253,178.0,161.0,194.0,33.0,187,0.0,0.167236328125,24807,0.3785247802734375,1
180.45579528808594,21.87720829358235,73,253,182.0,167.0,195.0,28.0,180,0.0,0.1753997802734375,24501,0.3738555908203125,1
189.58163452148438,19.14302330929303,86,253,190.0,178.0,202.0,24.0,167,0.0,0.2829742431640625,23826,0.363555908203125,1
181.14730834960938,23.67573964340385,68,255,182.0,166.0,197.0,31.0,187,0.0,0.201416015625,24314,0.371002197265625,1
187.5514678955078,20.902607060247462,85,254,189.0,174.0,202.0,28.0,169,0.0,0.2677764892578125,22399,0.3417816162109375,1
181.8918914794922,23.27048994056981,82,254,183.0,167.0,198.0,31.0,172,0.0,0.2119140625,24177,0.3689117431640625,1
180.7862548828125,25.10081231931213,72,254,183.0,165.0,199.0,34.0,182,0.0,0.2221527099609375,24899,0.3799285888671875,1
181.7883758544922,25.99050905708146,76,254,183.0,165.0,200.0,35.0,178,0.0,0.24737548828125,25224,0.3848876953125,1
183.4719696044922,25.597083243911907,72,254,185.0,167.0,202.0,35.0,182,0.0,0.2646484375,25057,0.3823394775390625,1
175.60633850097656,24.45821598829811,72,255,177.0,160.0,193.0,33.0,183,0.0,0.1539459228515625,25141,0.3836212158203125,1
172.08078002929688,26.011216414693546,65,254,173.0,155.0,190.0,35.0,189,0.0,0.137176513671875,25118,0.383270263671875,1
183.1664276123047,22.965479868597996,82,254,184.0,168.0,199.0,31.0,172,0.0,0.231231689453125,24549,0.3745880126953125,1
171.836181640625,25.14378550325713,57,253,173.0,155.0,189.0,34.0,196,0.0,0.1261138916015625,24725,0.3772735595703125,1
177.37429809570312,24.231798547521443,62,254,178.0,161.0,194.0,33.0,192,0.0,0.17254638671875,24744,0.3775634765625,1
185.1939239501953,19.724890252649814,86,254,186.0,173.0,199.0,26.0,168,0.0,0.2190399169921875,24781,0.3781280517578125,1
181.3821563720703,24.201055750764716,78,254,183.0,166.0,199.0,33.0,176,0.0,0.2227020263671875,25144,0.3836669921875,1
132.63795471191406,20.002259222773784,49,253,131.0,121.0,143.0,22.0,204,1.52587890625e-05,0.0042266845703125,22018,0.335968017578125,1
175.447998046875,21.56193272908688,70,253,174.0,162.0,188.0,26.0,183,0.0,0.121490478515625,23380,0.35675048828125,1
170.33624267578125,22.22042443131781,67,254,168.0,156.0,183.0,27.0,187,0.0,0.097137451171875,23371,0.3566131591796875,1
174.59219360351562,25.630905428478556,51,254,174.0,159.0,190.0,31.0,203,0.0,0.1509552001953125,23681,0.3613433837890625,1
168.89276123046875,27.6570545008804,40,254,167.0,151.0,186.0,35.0,214,3.0517578125e-05,0.1319580078125,24032,0.36669921875,1
168.7593536376953,25.49050719633019,39,254,168.0,153.0,185.0,32.0,215,0.00018310546875,0.1060333251953125,24742,0.377532958984375,1
170.52084350585938,26.32636061635124,38,254,170.0,154.0,187.0,33.0,216,0.000274658203125,0.1227874755859375,24689,0.3767242431640625,1
167.15147399902344,29.98560886250534,39,254,167.0,148.0,187.0,39.0,215,0.00030517578125,0.1358642578125,24871,0.3795013427734375,1
171.4613037109375,30.445914887060027,37,255,171.0,151.0,192.0,41.0,218,0.0007171630859375,0.171844482421875,25028,0.38189697265625,1
167.47207641601562,30.407206700006085,28,254,167.0,148.0,187.0,39.0,226,0.000640869140625,0.1370086669921875,24997,0.3814239501953125,1
161.9368133544922,35.576076892651514,28,254,163.0,140.0,186.0,46.0,226,0.004180908203125,0.136688232421875,24768,0.3779296875,1
156.41285705566406,38.79417457632556,17,253,158.0,134.0,182.0,48.0,236,0.0094451904296875,0.1243743896484375,25123,0.3833465576171875,1
171.84994506835938,34.91618171393288,23,254,174.0,152.0,195.0,43.0,231,0.0025634765625,0.19769287109375,24901,0.3799591064453125,1
123.77735900878906,29.761633499726464,26,253,118.0,105.0,137.0,32.0,227,0.001434326171875,0.02252197265625,21910,0.334320068359375,1
181.52308654785156,30.18598281998092,60,255,178.0,160.0,200.0,40.0,195,0.0,0.2468109130859375,23383,0.3567962646484375,1
165.25848388671875,30.115803126357783,56,255,162.0,145.0,182.0,37.0,199,0.0,0.1334686279296875,23135,0.3530120849609375,1
173.96905517578125,28.832664796434567,56,255,170.0,154.0,191.0,37.0,199,0.0,0.17730712890625,23046,0.351654052734375,1
158.87692260742188,32.73953225561972,43,255,154.0,136.0,178.0,42.0,212,4.57763671875e-05,0.1262359619140625,23209,0.3541412353515625,1
162.71163940429688,32.730290094509584,24,254,160.0,142.0,184.0,42.0,230,0.002410888671875,0.136993408203125,24014,0.366424560546875,1
160.76356506347656,32.707285610280636,17,254,157.0,140.0,181.0,41.0,237,0.0025482177734375,0.128997802734375,23596,0.36004638671875,1
165.89125061035156,33.82926481712722,28,254,164.0,144.0,187.0,43.0,226,0.0012359619140625,0.162750244140625,23832,0.3636474609375,1
171.70791625976562,33.359483161107136,27,255,169.0,150.0,193.0,43.0,228,0.000823974609375,0.195343017578125,23948,0.36541748046875,1
172.91017150878906,32.47223784664255,30,255,171.0,151.0,194.0,43.0,225,0.0005950927734375,0.1998138427734375,24192,0.369140625,1
165.5656280517578,31.55928920224614,36,254,164.0,146.0,185.0,39.0,218,0.0003509521484375,0.142303466796875,24126,0.368133544921875,1
162.16981506347656,33.51796664863869,28,255,160.0,140.0,183.0,43.0,227,0.000946044921875,0.1364593505859375,23879,0.3643646240234375,1
172.1885986328125,25.218223873249407,32,253,171.0,158.0,187.0,29.0,221,0.0002899169921875,0.1192169189453125,22971,0.3505096435546875,1
154.81298828125,31.7876018189522,31,255,152.0,135.0,173.0,38.0,224,0.0026702880859375,0.088714599609375,23450,0.357818603515625,1
171.4390411376953,31.992637376011466,30,254,172.0,154.0,191.0,37.0,224,0.0017547607421875,0.1703948974609375,23990,0.366058349609375,1
163.67190551757812,32.45606144570294,36,253,164.0,146.0,183.0,37.0,217,0.0008544921875,0.1242828369140625,24071,0.3672943115234375,1
170.82432556152344,31.324451463087836,35,254,171.0,154.0,190.0,36.0,219,0.0006256103515625,0.159698486328125,23830,0.363616943359375,1
157.1368865966797,16.37973629094854,78,245,157.0,146.0,168.0,22.0,167,0.0,0.0055389404296875,21722,0.331451416015625,0
157.60073852539062,17.33272318222418,89,248,157.0,146.0,168.0,22.0,159,0.0,0.01800537109375,20488,0.3126220703125,0
159.66030883789062,15.86374525846032,87,247,160.0,149.0,170.0,21.0,160,0.0,0.00640869140625,21422,0.326873779296875,0
159.90078735351562,15.48756989193005,94,250,160.0,149.0,170.0,21.0,156,0.0,0.0066375732421875,20835,0.3179168701171875,0
166.0094451904297,20.078959868885327,101,254,164.0,153.0,177.0,24.0,153,0.0,0.06036376953125,19813,0.3023223876953125,0
167.1727294921875,19.659891473134312,96,255,166.0,154.0,178.0,24.0,159,0.0,0.05413818359375,20362,0.310699462890625,0
159.36111450195312,16.79153251892326,80,251,159.0,148.0,169.0,21.0,171,0.0,0.016845703125,18922,0.288726806640625,0
159.0943603515625,17.65858947943889,54,253,158.0,148.0,169.0,21.0,199,0.0,0.0250396728515625,17156,0.26177978515625,0
153.5911865234375,15.658464685810404,90,252,154.0,143.0,164.0,21.0,162,0.0,0.002838134765625,20617,0.3145904541015625,0
152.71615600585938,16.01732457351228,83,250,153.0,142.0,164.0,22.0,167,0.0,0.0029144287109375,21593,0.3294830322265625,0
153.10055541992188,15.894855890611453,84,250,153.0,142.0,164.0,22.0,166,0.0,0.00323486328125,21656,0.3304443359375,0
153.81895446777344,15.436975580371037,85,246,154.0,143.0,164.0,21.0,161,0.0,0.003082275390625,20869,0.3184356689453125,0
155.2134246826172,16.993758830437613,86,253,155.0,144.0,165.0,21.0,167,0.0,0.0127716064453125,21232,0.323974609375,0
155.1045684814453,16.579717425524095,82,252,155.0,144.0,166.0,22.0,170,0.0,0.006988525390625,21285,0.3247833251953125,0
152.54087829589844,16.51432247436116,67,242,153.0,142.0,163.0,21.0,175,0.0,0.003814697265625,21964,0.33514404296875,0
149.9501495361328,16.092054739736685,54,236,150.0,139.0,161.0,22.0,182,0.0,0.0021209716796875,21372,0.32611083984375,0
147.69491577148438,16.51527767729148,69,246,148.0,137.0,159.0,22.0,177,0.0,0.001800537109375,21454,0.327362060546875,0
148.3323974609375,16.485926806822704,64,246,148.0,137.0,159.0,22.0,182,0.0,0.0021820068359375,21230,0.323944091796875,0
150.85842895507812,16.59552946622191,75,241,151.0,140.0,162.0,22.0,166,0.0,0.0030517578125,20929,0.3193511962890625,0
149.98558044433594,16.307608677921934,62,246,150.0,139.0,161.0,22.0,184,0.0,0.002197265625,21389,0.3263702392578125,0
151.6078338623047,16.154234386258835,80,245,152.0,140.0,163.0,23.0,165,0.0,0.0027008056640625,20787,0.3171844482421875,0
153.7867889404297,15.805412447972442,83,241,154.0,143.0,165.0,22.0,158,0.0,0.0033111572265625,20154,0.307525634765625,0
155.32208251953125,16.23905105626663,77,251,155.0,144.0,166.0,22.0,174,0.0,0.005401611328125,20110,0.306854248046875,0
156.48175048828125,16.13844586760845,70,247,156.0,145.0,167.0,22.0,177,0.0,0.0056304931640625,20226,0.308624267578125,0
155.608154296875,15.62593229754944,78,252,156.0,145.0,166.0,21.0,174,0.0,0.0042572021484375,20216,0.3084716796875,0
156.2132568359375,15.925079183797083,90,244,156.0,145.0,167.0,22.0,154,0.0,0.0047760009765625,20454,0.312103271484375,0
156.98922729492188,16.892554704858522,78,250,157.0,145.0,168.0,23.0,172,0.0,0.0100250244140625,20232,0.3087158203125,0
158.5195770263672,17.326325390990778,76,242,158.0,147.0,170.0,23.0,166,0.0,0.0117340087890625,20528,0.313232421875,0
166.99301147460938,24.083075998492898,91,255,164.0,152.0,176.0,24.0,164,0.0,0.067657470703125,20254,0.309051513671875,0
158.6563262939453,15.618815395708214,79,253,158.0,148.0,169.0,21.0,174,0.0,0.0058135986328125,21144,0.3226318359375,0
162.70359802246094,18.414573517080246,88,252,161.0,150.0,173.0,23.0,164,0.0,0.034912109375,19349,0.2952423095703125,0
160.02793884277344,16.032314971697897,92,247,160.0,149.0,171.0,22.0,155,0.0,0.0088043212890625,20018,0.305450439453125,0
166.2186737060547,23.57580973657289,76,255,163.0,150.0,178.0,28.0,179,0.0,0.0748291015625,19985,0.3049468994140625,0
165.94183349609375,24.013526369300145,91,255,163.0,150.0,176.0,26.0,164,0.0,0.0878143310546875,20304,0.309814453125,0
160.9374237060547,20.419584161713942,79,254,159.0,147.0,172.0,25.0,175,0.0,0.0445709228515625,20857,0.3182525634765625,0
159.0462188720703,18.420327262761422,68,252,158.0,147.0,170.0,23.0,184,0.0,0.023284912109375,21185,0.3232574462890625,0
157.20547485351562,17.09270425864893,78,248,157.0,145.0,168.0,23.0,170,0.0,0.0102081298828125,22047,0.3364105224609375,0
156.97799682617188,17.411616002467223,78,246,157.0,145.0,168.0,23.0,168,0.0,0.0104217529296875,21442,0.327178955078125,0
157.76470947265625,18.865269789665955,81,255,157.0,145.0,169.0,24.0,174,0.0,0.0197296142578125,21763,0.3320770263671875,0
162.77407836914062,26.590221346990404,84,255,159.0,146.0,173.0,27.0,171,0.0,0.0811004638671875,21174,0.323089599609375,0
155.71572875976562,16.8221457915421,86,241,156.0,144.0,167.0,23.0,155,0.0,0.0050048828125,21911,0.3343353271484375,0
157.20327758789062,16.85990261424171,88,243,157.0,146.0,169.0,23.0,155,0.0,0.0064239501953125,21177,0.3231353759765625,0
156.5824737548828,17.228392507210007,89,254,156.0,145.0,168.0,23.0,165,0.0,0.0105743408203125,21933,0.3346710205078125,0
166.23532104492188,27.038618057094883,85,255,162.0,149.0,176.0,27.0,170,0.0,0.0901641845703125,20716,0.31610107421875,0
157.5218505859375,16.6878075549005,80,249,158.0,146.0,169.0,23.0,169,0.0,0.005401611328125,21851,0.3334197998046875,0
158.24607849121094,18.274725269667595,84,250,158.0,146.0,170.0,24.0,166,0.0,0.0132293701171875,22053,0.3365020751953125,0
157.98362731933594,15.736258882900465,90,244,158.0,148.0,169.0,21.0,154,0.0,0.0050048828125,21609,0.3297271728515625,0
159.01190185546875,17.51337149436803,87,235,159.0,147.0,170.0,23.0,148,0.0,0.0130615234375,22152,0.3380126953125,0
160.1905975341797,17.932458360156694,92,250,160.0,148.0,171.0,23.0,158,0.0,0.022247314453125,21565,0.3290557861328125,0
159.75985717773438,16.795101937788157,85,251,159.0,149.0,170.0,21.0,166,0.0,0.0139007568359375,21109,0.3220977783203125,0
158.97637939453125,17.09517347039839,82,250,159.0,148.0,170.0,22.0,168,0.0,0.0146484375,21870,0.333709716796875,0
152.8703155517578,31.629290217975292,24,254,156.0,133.0,175.0,42.0,230,0.00128173828125,0.045013427734375,25166,0.384002685546875,0
161.7268829345703,31.970429222809027,32,254,164.0,142.0,184.0,42.0,222,0.0007781982421875,0.0947723388671875,24896,0.3798828125,0
150.49789428710938,34.17870036731056,13,255,152.0,129.0,174.0,45.0,242,0.0035552978515625,0.055755615234375,24824,0.3787841796875,0
162.9580841064453,32.18349723315507,24,255,166.0,142.0,186.0,44.0,231,0.000518798828125,0.1026763916015625,24490,0.373687744140625,0
158.53631591796875,31.95763157022013,21,253,161.0,138.0,182.0,44.0,232,0.0009613037109375,0.072845458984375,24642,0.376007080078125,0
161.43846130371094,29.219734853064466,25,254,164.0,142.0,182.0,40.0,229,0.000213623046875,0.067626953125,24532,0.37432861328125,0
155.11102294921875,27.916959566261475,25,255,156.0,137.0,173.0,36.0,230,0.0003814697265625,0.0463714599609375,24334,0.371307373046875,0
157.0421905517578,26.891814990580606,25,255,158.0,140.0,175.0,35.0,230,0.0004730224609375,0.045623779296875,23913,0.3648834228515625,0
165.6888427734375,24.76213589437413,37,255,167.0,150.0,183.0,33.0,218,4.57763671875e-05,0.0604400634765625,24332,0.37127685546875,0
164.6658935546875,29.461192426840526,23,254,167.0,147.0,185.0,38.0,231,0.0007476806640625,0.092041015625,24469,0.3733673095703125,0
165.172607421875,24.20437056265177,36,254,166.0,150.0,181.0,31.0,218,4.57763671875e-05,0.059051513671875,24157,0.3686065673828125,0
165.33609008789062,23.65628266377553,37,251,168.0,152.0,181.0,29.0,214,9.1552734375e-05,0.0441131591796875,24104,0.3677978515625,0
164.69924926757812,26.683236118740023,34,254,168.0,149.0,183.0,34.0,220,0.0001983642578125,0.0590972900390625,24608,0.37548828125,0
162.7532958984375,32.051926750574026,32,253,167.0,143.0,186.0,43.0,221,0.000823974609375,0.095123291015625,24705,0.3769683837890625,0
155.72720336914062,27.1771703116528,23,253,157.0,140.0,173.0,33.0,230,0.00079345703125,0.0399017333984375,24353,0.3715972900390625,0
168.07400512695312,26.68688566054051,36,254,168.0,151.0,187.0,36.0,218,6.103515625e-05,0.1109466552734375,24217,0.3695220947265625,0
167.93727111816406,28.39089241712391,28,253,169.0,149.0,189.0,40.0,225,4.57763671875e-05,0.13287353515625,24539,0.3744354248046875,0
171.45889282226562,28.263428123318125,44,255,173.0,153.0,192.0,39.0,211,4.57763671875e-05,0.158172607421875,24326,0.371185302734375,0
151.77772521972656,34.68126772280003,27,254,153.0,128.0,177.0,49.0,227,0.0013275146484375,0.0709381103515625,25230,0.384979248046875,0
155.47537231445312,27.030532598329806,30,254,156.0,138.0,173.0,35.0,224,0.0003662109375,0.04254150390625,24345,0.3714752197265625,0
153.98941040039062,29.52962716967998,29,253,155.0,136.0,174.0,38.0,224,0.00067138671875,0.0474395751953125,24705,0.3769683837890625,0
151.7178192138672,30.46817272858641,26,251,154.0,134.0,172.0,38.0,225,0.0016632080078125,0.0405731201171875,23784,0.3629150390625,0
160.5597686767578,27.73152491025073,37,254,161.0,143.0,179.0,36.0,217,0.0002288818359375,0.0713958740234375,23833,0.3636627197265625,0
172.38404846191406,21.653149891217183,63,252,173.0,159.0,187.0,28.0,189,0.0,0.082733154296875,23556,0.35943603515625,0
166.00375366210938,21.79362062559869,62,252,166.0,152.0,180.0,28.0,190,0.0,0.051239013671875,23591,0.3599700927734375,0
164.05992126464844,21.5991831904763,64,250,164.0,150.0,178.0,28.0,186,0.0,0.044769287109375,23329,0.3559722900390625,0
146.59251403808594,31.244422130954643,18,253,149.0,128.0,167.0,39.0,235,0.00335693359375,0.0329437255859375,24231,0.3697357177734375,0
150.38783264160156,27.588168059376137,37,254,150.0,133.0,168.0,35.0,217,0.0002899169921875,0.038299560546875,24403,0.3723602294921875,0
145.88348388671875,31.816654983623096,39,250,148.0,124.0,169.0,45.0,211,0.000213623046875,0.031646728515625,24853,0.3792266845703125,0
153.88302612304688,33.01573020751696,38,252,156.0,131.0,178.0,47.0,214,9.1552734375e-05,0.0710296630859375,24832,0.37890625,0
149.45205688476562,35.91974964206079,34,253,152.0,124.0,176.0,52.0,219,0.0005340576171875,0.0692291259765625,25567,0.3901214599609375,0
131.1735076904297,39.0576637717234,22,253,132.0,102.0,160.0,58.0,231,0.009857177734375,0.033416748046875,25667,0.3916473388671875,0
149.39157104492188,34.745588393916066,33,254,151.0,125.0,175.0,50.0,221,0.000335693359375,0.062713623046875,25141,0.3836212158203125,0
144.97293090820312,35.07698920667629,33,253,147.0,121.0,170.0,49.0,220,0.00091552734375,0.0478515625,25215,0.3847503662109375,0
143.9319305419922,35.84207467983055,31,251,145.0,119.0,170.0,51.0,220,0.0013885498046875,0.0513458251953125,25169,0.3840484619140625,0
139.3649139404297,38.09634995547917,33,253,141.0,111.0,168.0,57.0,220,0.0018768310546875,0.0474853515625,25118,0.383270263671875,0
135.5952911376953,38.549397850399345,24,254,137.0,107.0,164.0,57.0,230,0.0041351318359375,0.0394134521484375,25108,0.38311767578125,0
138.7823486328125,37.62419120875332,29,254,140.0,112.0,166.0,54.0,225,0.0048980712890625,0.0441741943359375,24917,0.3802032470703125,0
141.1990509033203,37.545968403570456,22,253,143.0,115.0,169.0,54.0,231,0.0028228759765625,0.050018310546875,25008,0.381591796875,0
146.82957458496094,37.70561175656348,35,254,149.0,120.0,175.0,55.0,219,0.001556396484375,0.069366455078125,24864,0.37939453125,0
133.7117919921875,39.900693899282416,20,253,134.0,105.0,163.0,58.0,233,0.01019287109375,0.044403076171875,24897,0.3798980712890625,0
133.33958435058594,39.907380936317736,15,253,134.0,104.0,162.0,58.0,238,0.01019287109375,0.0431365966796875,25039,0.3820648193359375,0
134.02371215820312,39.34586113948673,13,253,135.0,106.0,163.0,57.0,240,0.011322021484375,0.0394134521484375,24974,0.381072998046875,0
140.317626953125,39.0742502400215,24,254,141.0,112.0,169.0,57.0,230,0.0037841796875,0.0618743896484375,24705,0.3769683837890625,0
132.53207397460938,38.73680403550547,8,253,132.0,105.0,160.0,55.0,245,0.0082244873046875,0.0413818359375,24388,0.37213134765625,0
128.4288787841797,38.14887798134502,18,253,128.0,101.0,155.0,54.0,235,0.0130615234375,0.0285491943359375,24621,0.3756866455078125,0
139.63197326660156,42.07826435179613,24,254,141.0,109.0,171.0,62.0,230,0.0088653564453125,0.0709991455078125,25209,0.3846588134765625,0
147.936767578125,42.006175716097786,21,254,150.0,117.0,180.0,63.0,233,0.0034332275390625,0.1102752685546875,25120,0.38330078125,0
146.20172119140625,34.59154124986926,35,254,146.0,122.0,171.0,49.0,219,0.0003509521484375,0.0589447021484375,23892,0.36456298828125,0
146.72787475585938,34.83346149391956,37,254,148.0,122.0,172.0,50.0,217,0.0005645751953125,0.0571136474609375,24264,0.3702392578125,0
144.99488830566406,35.5004545988784,34,251,146.0,120.0,171.0,51.0,217,0.000701904296875,0.0555572509765625,24429,0.3727569580078125,0
148.73434448242188,34.777166916916535,36,253,150.0,125.0,174.0,49.0,217,0.0004730224609375,0.063385009765625,24124,0.36810302734375,0
146.61500549316406,36.71461271646667,34,253,148.0,121.0,173.0,52.0,219,0.0012054443359375,0.067138671875,24406,0.372406005859375,0
146.74868774414062,36.60661461413056,27,252,148.0,121.0,173.0,52.0,225,0.00115966796875,0.0659942626953125,24278,0.370452880859375,0
147.9260711669922,35.70294909326625,29,253,149.0,123.0,174.0,51.0,224,0.0012054443359375,0.0653076171875,24053,0.3670196533203125,0
150.01451110839844,35.789620848064885,30,253,152.0,125.0,176.0,51.0,223,0.000762939453125,0.07562255859375,24101,0.3677520751953125,0
146.6550750732422,35.834811672458464,29,253,148.0,122.0,173.0,51.0,224,0.0012054443359375,0.0615234375,24211,0.3694305419921875,0
146.75892639160156,36.06502938547124,31,253,148.0,121.0,173.0,52.0,222,0.0012359619140625,0.0635986328125,24097,0.3676910400390625,0
148.068359375,35.075452673037674,37,252,149.0,124.0,173.0,49.0,215,0.000701904296875,0.06451416015625,24084,0.36749267578125,0
150.1728057861328,34.60768459614957,21,255,151.0,126.0,175.0,49.0,234,0.0004119873046875,0.071136474609375,24149,0.3684844970703125,0
148.41375732421875,35.32596720098756,37,252,150.0,124.0,174.0,50.0,215,0.000823974609375,0.0651397705078125,24157,0.3686065673828125,0
147.44512939453125,35.748334231813764,32,250,149.0,123.0,173.0,50.0,218,0.001068115234375,0.0631561279296875,23996,0.36614990234375,0
149.8037109375,35.2482587100174,27,253,152.0,126.0,175.0,49.0,226,0.000732421875,0.068572998046875,24178,0.368927001953125,0
130.75819396972656,39.82793595096577,21,253,131.0,101.0,160.0,59.0,232,0.011016845703125,0.035552978515625,25505,0.3891754150390625,0
155.52734375,32.008355241996604,39,253,157.0,134.0,179.0,45.0,214,0.00018310546875,0.0747528076171875,23632,0.360595703125,0
151.537109375,32.46324585420227,38,250,153.0,129.0,175.0,46.0,212,9.1552734375e-05,0.0603485107421875,23699,0.3616180419921875,0
150.25001525878906,32.21178934588293,36,252,151.0,128.0,173.0,45.0,216,0.0002288818359375,0.054046630859375,23745,0.3623199462890625,0
149.7397003173828,32.16617555996253,37,253,151.0,128.0,173.0,45.0,216,0.000213623046875,0.05145263671875,23872,0.3642578125,0
150.77088928222656,32.29387593572275,39,253,152.0,129.0,174.0,45.0,214,0.0002899169921875,0.057037353515625,23988,0.36602783203125,0
149.28028869628906,32.55561328236758,37,252,150.0,127.0,172.0,45.0,215,0.00030517578125,0.0522613525390625,24013,0.3664093017578125,0
150.25241088867188,32.35805338807552,34,251,151.0,128.0,173.0,45.0,217,0.0004119873046875,0.054779052734375,23924,0.36505126953125,0
151.64085388183594,32.133988194641304,40,254,152.0,130.0,174.0,44.0,214,0.0002593994140625,0.05975341796875,23927,0.3650970458984375,0
151.76324462890625,31.765094323833996,38,253,153.0,130.0,174.0,44.0,215,0.000213623046875,0.0587158203125,24015,0.3664398193359375,0
151.69720458984375,31.79321887761201,32,252,153.0,130.0,174.0,44.0,220,0.000213623046875,0.05828857421875,23716,0.36187744140625,0
162.3719482421875,28.414351248932498,61,253,164.0,145.0,180.0,35.0,192,0.0,0.080230712890625,23050,0.351715087890625,0
147.9098358154297,28.557324022175397,20,254,145.0,130.0,163.0,33.0,234,0.0005035400390625,0.0513916015625,23831,0.3636322021484375,0
155.90838623046875,24.941241970058933,63,253,153.0,139.0,169.0,30.0,190,0.0,0.06072998046875,23897,0.3646392822265625,0
159.3209228515625,23.910174549758256,74,254,156.0,143.0,172.0,29.0,180,0.0,0.0653533935546875,22624,0.34521484375,0
157.16287231445312,23.348798785763925,61,254,154.0,142.0,169.0,27.0,193,0.0,0.053985595703125,22447,0.3425140380859375,0
155.97381591796875,25.491431219422562,38,253,153.0,139.0,169.0,30.0,215,1.52587890625e-05,0.0607452392578125,23383,0.3567962646484375,0
158.04608154296875,26.842349020797123,50,255,155.0,140.0,172.0,32.0,205,0.0,0.073974609375,23073,0.3520660400390625,0
161.9871826171875,24.61529542914948,49,254,159.0,146.0,175.0,29.0,205,3.0517578125e-05,0.0761871337890625,23224,0.3543701171875,0
149.52793884277344,27.213551310673193,37,254,146.0,131.0,163.0,32.0,217,9.1552734375e-05,0.053253173828125,23208,0.3541259765625,0
150.79730224609375,27.019239949319832,41,255,147.0,133.0,164.0,31.0,214,3.0517578125e-05,0.05780029296875,22784,0.34765625,0
150.22808837890625,28.135512503350167,46,254,146.0,132.0,163.0,31.0,208,6.103515625e-05,0.0643310546875,23508,0.35870361328125,0
155.1404266357422,25.773643128984453,53,254,152.0,138.0,168.0,30.0,201,0.0,0.0618438720703125,23813,0.3633575439453125,0
168.9154510498047,20.918046624748165,89,254,166.0,155.0,180.0,25.0,165,0.0,0.0809173583984375,23274,0.355133056640625,0
169.33042907714844,20.021405612839526,91,253,167.0,156.0,180.0,24.0,162,0.0,0.074737548828125,22670,0.345916748046875,0
168.8098907470703,21.388632701464612,84,253,165.0,154.0,180.0,26.0,169,0.0,0.0894622802734375,23400,0.3570556640625,0
165.9574737548828,20.78592980647831,90,252,162.0,152.0,177.0,25.0,162,0.0,0.071685791015625,22670,0.345916748046875,0
173.36312866210938,20.780897650362284,96,253,170.0,159.0,185.0,26.0,157,0.0,0.1074981689453125,22491,0.3431854248046875,0
174.48440551757812,18.38784613472245,96,252,172.0,162.0,184.0,22.0,156,0.0,0.0901031494140625,21172,0.32305908203125,0
170.4064178466797,18.11297421490675,105,254,168.0,158.0,180.0,22.0,149,0.0,0.068115234375,20564,0.31378173828125,0
172.7906951904297,19.24348635404235,106,253,169.0,160.0,183.0,23.0,147,0.0,0.087982177734375,20633,0.3148345947265625,0
169.82569885253906,20.365451548901582,105,253,166.0,156.0,180.0,24.0,148,0.0,0.0843505859375,21870,0.333709716796875,0
133.38226318359375,31.862281935109028,24,254,129.0,112.0,151.0,39.0,230,0.000946044921875,0.037750244140625,24478,0.373504638671875,0
131.54466247558594,30.326938932075507,38,254,126.0,111.0,147.0,36.0,216,0.0001220703125,0.035797119140625,24150,0.368499755859375,0
142.8319549560547,28.423073349512364,39,254,139.0,124.0,157.0,33.0,215,7.62939453125e-05,0.045135498046875,23797,0.3631134033203125,0
151.3506317138672,26.74940100278277,67,254,148.0,132.0,166.0,34.0,187,0.0,0.0543365478515625,23527,0.3589935302734375,0
158.2666473388672,29.444285740960126,54,254,156.0,137.0,177.0,40.0,200,0.0,0.0901336669921875,24346,0.371490478515625,0
168.65052795410156,28.039700031535137,67,255,166.0,148.0,188.0,40.0,188,0.0,0.1424102783203125,24021,0.3665313720703125,0
167.946044921875,22.523929744055977,90,254,166.0,153.0,181.0,28.0,164,0.0,0.0874786376953125,23943,0.3653411865234375,0
170.76187133789062,21.028378798811325,89,254,169.0,157.0,183.0,26.0,165,0.0,0.08782958984375,23050,0.351715087890625,0
169.40245056152344,23.309958431656813,58,254,166.0,154.0,183.0,29.0,196,0.0,0.1017608642578125,23526,0.358978271484375,0
166.87147521972656,21.38186497281789,48,254,167.0,154.0,180.0,26.0,206,1.52587890625e-05,0.0522003173828125,23011,0.3511199951171875,0
165.06549072265625,20.319667047573155,74,254,165.0,152.0,177.0,25.0,180,0.0,0.045257568359375,22415,0.3420257568359375,0
129.42568969726562,19.55829615999391,46,248,129.0,117.0,140.0,23.0,202,6.103515625e-05,0.0069732666015625,22184,0.3385009765625,0
171.7152099609375,20.84037885863742,83,253,171.0,158.0,184.0,26.0,170,0.0,0.0807647705078125,22563,0.3442840576171875,0
151.52662658691406,34.09115667066769,54,254,147.0,126.0,174.0,48.0,200,0.0,0.097747802734375,24640,0.3759765625,0
156.53077697753906,29.124913535016457,56,254,154.0,136.0,175.0,39.0,198,0.0,0.080078125,23175,0.3536224365234375,0
155.73939514160156,27.8998218078456,35,254,154.0,138.0,173.0,35.0,219,0.000213623046875,0.0620574951171875,22560,0.34423828125,0
159.41476440429688,19.24521721176435,74,251,159.0,147.0,171.0,24.0,177,0.0,0.027587890625,22601,0.3448638916015625,0
160.70477294921875,19.06120478879039,85,252,160.0,148.0,171.0,23.0,167,0.0,0.0318603515625,22115,0.3374481201171875,0
167.2910614013672,19.81170864655509,65,253,167.0,154.0,179.0,25.0,188,0.0,0.0520782470703125,22656,0.345703125,0
172.77630615234375,19.134764986329255,87,252,173.0,160.0,185.0,25.0,165,0.0,0.0677947998046875,22139,0.3378143310546875,0
172.08616638183594,18.998582653964586,85,254,172.0,160.0,183.0,23.0,169,0.0,0.0668182373046875,21737,0.3316802978515625,0
167.69952392578125,19.138243245127843,79,251,167.0,155.0,179.0,24.0,172,0.0,0.049591064453125,20944,0.319580078125,0
169.9180450439453,21.013990127194837,77,253,170.0,157.0,183.0,26.0,176,0.0,0.070281982421875,21699,0.3311004638671875,0
177.2320556640625,15.928487656285288,76,251,176.0,167.0,186.0,19.0,175,0.0,0.07257080078125,20440,0.3118896484375,0
180.75547790527344,15.490583221425755,99,252,180.0,171.0,189.0,18.0,153,0.0,0.0914154052734375,20757,0.3167266845703125,0
169.8278045654297,16.544492797326537,93,250,168.0,159.0,179.0,20.0,157,0.0,0.04541015625,21684,0.33087158203125,0
168.9152374267578,18.963508555561162,69,249,169.0,156.0,181.0,25.0,180,0.0,0.047088623046875,21622,0.329925537109375,0
162.7330322265625,19.634971129213692,70,252,162.0,150.0,175.0,25.0,182,0.0,0.032958984375,22211,0.3389129638671875,0
161.6275177001953,19.61247342871358,78,249,161.0,149.0,174.0,25.0,171,0.0,0.0298614501953125,22333,0.3407745361328125,0
165.9930877685547,17.52905471575385,93,249,165.0,154.0,177.0,23.0,156,0.0,0.0334930419921875,18611,0.2839813232421875,0
167.34661865234375,18.86575523916873,66,252,166.0,155.0,179.0,24.0,186,0.0,0.0461578369140625,22452,0.34259033203125,0
164.4724578857422,19.198231347989495,60,251,164.0,152.0,176.0,24.0,191,0.0,0.0342864990234375,22642,0.345489501953125,0
165.33189392089844,17.927467853197204,90,251,164.0,154.0,176.0,22.0,161,0.0,0.034027099609375,21769,0.3321685791015625,0
172.830810546875,17.754458456820554,100,251,172.0,161.0,184.0,23.0,151,0.0,0.059906005859375,22204,0.33880615234375,0
171.88296508789062,18.078569107748667,79,251,172.0,160.0,184.0,24.0,172,0.0,0.0519866943359375,22061,0.3366241455078125,0
170.80694580078125,18.288841188269906,79,253,170.0,158.0,183.0,25.0,174,0.0,0.051116943359375,21618,0.329864501953125,0
169.99314880371094,19.827059111411316,76,251,170.0,157.0,183.0,26.0,175,0.0,0.05487060546875,22558,0.344207763671875,0
166.29638671875,18.953911138396883,57,251,166.0,154.0,179.0,25.0,194,0.0,0.03460693359375,22444,0.34246826171875,0
163.80189514160156,19.415213514602872,73,249,164.0,151.0,176.0,25.0,176,0.0,0.02911376953125,22838,0.348480224609375,0
165.50372314453125,19.304985916995182,77,250,165.0,153.0,178.0,25.0,173,0.0,0.0345306396484375,22536,0.3438720703125,0
173.81698608398438,18.86373178234238,87,252,174.0,161.0,186.0,25.0,165,0.0,0.07574462890625,22481,0.3430328369140625,0
172.32476806640625,19.040101802006657,72,250,173.0,160.0,185.0,25.0,178,0.0,0.063507080078125,22753,0.3471832275390625,0
173.47279357910156,18.011020038256422,97,252,173.0,161.0,185.0,24.0,155,0.0,0.067626953125,21973,0.3352813720703125,0
160.60125732421875,18.970857478715335,71,249,161.0,149.0,172.0,23.0,178,0.0,0.0225372314453125,23034,0.351470947265625,0
160.5024871826172,18.88284708352896,75,253,160.0,149.0,172.0,23.0,178,0.0,0.0225372314453125,23393,0.3569488525390625,0
160.98147583007812,18.91556197896665,71,250,161.0,149.0,172.0,23.0,179,0.0,0.0229034423828125,23289,0.3553619384765625,0
174.07879638671875,16.76654469799633,90,252,174.0,163.0,184.0,21.0,162,0.0,0.0563507080078125,22298,0.340240478515625,0
176.95640563964844,16.94526137600366,88,253,176.0,166.0,187.0,21.0,165,0.0,0.0788726806640625,22036,0.33624267578125,0
169.96556091308594,18.04839654324728,75,250,170.0,159.0,181.0,22.0,175,0.0,0.0480804443359375,22512,0.343505859375,0
170.01861572265625,18.110721110124192,82,250,170.0,159.0,181.0,22.0,168,0.0,0.05023193359375,22307,0.3403778076171875,0
170.7185821533203,17.500185201767327,86,252,170.0,160.0,181.0,21.0,166,0.0,0.04962158203125,21960,0.3350830078125,0
170.61508178710938,18.206981406970243,66,253,170.0,159.0,181.0,22.0,187,0.0,0.0535125732421875,22385,0.3415679931640625,0
166.91737365722656,17.802120390345717,82,252,166.0,156.0,177.0,21.0,170,0.0,0.0377349853515625,22334,0.340789794921875,0
164.9610595703125,18.11434081102417,68,251,165.0,154.0,176.0,22.0,183,0.0,0.032623291015625,22226,0.339141845703125,0
